name,supported,in_ch,out_ch,kernel_hw_conv,resize_scale,stride_hw_conv,pads_tlbr_conv,kernel_hw_tconv,stride_hw_tconv,pads_tlbr_tconv,group_tconv,dilation_hw_tconv,conv_params_per_channel_pair,tconv_entries_per_channel_pair,reachable_dof_upper_bound
cfg_001,True,8,8,"(1, 1)",2,"(1, 1)","(0, 0, 0, 0)","(2, 2)","(2, 2)","(0, 0, 0, 0)",1,"(1, 1)",1,4,1
cfg_002,True,8,16,"(1, 1)",2,"(1, 1)","(0, 0, 0, 0)","(2, 2)","(2, 2)","(0, 0, 0, 0)",1,"(1, 1)",1,4,1
cfg_003,True,16,16,"(1, 1)",2,"(1, 1)","(0, 0, 0, 0)","(2, 2)","(2, 2)","(0, 0, 0, 0)",1,"(1, 1)",1,4,1
cfg_004,True,8,8,"(1, 1)",3,"(1, 1)","(0, 0, 0, 0)","(3, 3)","(3, 3)","(0, 0, 0, 0)",1,"(1, 1)",1,9,1
cfg_005,True,8,16,"(1, 1)",3,"(1, 1)","(0, 0, 0, 0)","(3, 3)","(3, 3)","(0, 0, 0, 0)",1,"(1, 1)",1,9,1
cfg_006,True,16,16,"(1, 1)",3,"(1, 1)","(0, 0, 0, 0)","(3, 3)","(3, 3)","(0, 0, 0, 0)",1,"(1, 1)",1,9,1
cfg_007,True,8,8,"(1, 1)",4,"(1, 1)","(0, 0, 0, 0)","(4, 4)","(4, 4)","(0, 0, 0, 0)",1,"(1, 1)",1,16,1
cfg_008,True,8,16,"(1, 1)",4,"(1, 1)","(0, 0, 0, 0)","(4, 4)","(4, 4)","(0, 0, 0, 0)",1,"(1, 1)",1,16,1
cfg_009,True,16,16,"(1, 1)",4,"(1, 1)","(0, 0, 0, 0)","(4, 4)","(4, 4)","(0, 0, 0, 0)",1,"(1, 1)",1,16,1
cfg_010,True,8,8,"(3, 3)",2,"(1, 1)","(1, 1, 1, 1)","(4, 4)","(2, 2)","(1, 1, 1, 1)",1,"(1, 1)",9,16,9
cfg_011,True,8,16,"(3, 3)",2,"(1, 1)","(1, 1, 1, 1)","(4, 4)","(2, 2)","(1, 1, 1, 1)",1,"(1, 1)",9,16,9
cfg_012,True,16,16,"(3, 3)",2,"(1, 1)","(1, 1, 1, 1)","(4, 4)","(2, 2)","(1, 1, 1, 1)",1,"(1, 1)",9,16,9
cfg_013,True,8,8,"(3, 3)",3,"(1, 1)","(1, 1, 1, 1)","(5, 5)","(3, 3)","(1, 1, 1, 1)",1,"(1, 1)",9,25,9
cfg_014,True,8,16,"(3, 3)",3,"(1, 1)","(1, 1, 1, 1)","(5, 5)","(3, 3)","(1, 1, 1, 1)",1,"(1, 1)",9,25,9
cfg_015,True,16,16,"(3, 3)",3,"(1, 1)","(1, 1, 1, 1)","(5, 5)","(3, 3)","(1, 1, 1, 1)",1,"(1, 1)",9,25,9
cfg_016,True,8,8,"(3, 3)",4,"(1, 1)","(1, 1, 1, 1)","(6, 6)","(4, 4)","(1, 1, 1, 1)",1,"(1, 1)",9,36,9
cfg_017,True,8,16,"(3, 3)",4,"(1, 1)","(1, 1, 1, 1)","(6, 6)","(4, 4)","(1, 1, 1, 1)",1,"(1, 1)",9,36,9
cfg_018,True,16,16,"(3, 3)",4,"(1, 1)","(1, 1, 1, 1)","(6, 6)","(4, 4)","(1, 1, 1, 1)",1,"(1, 1)",9,36,9
cfg_019,True,8,8,"(5, 5)",2,"(1, 1)","(2, 2, 2, 2)","(6, 6)","(2, 2)","(2, 2, 2, 2)",1,"(1, 1)",25,36,25
cfg_020,True,8,16,"(5, 5)",2,"(1, 1)","(2, 2, 2, 2)","(6, 6)","(2, 2)","(2, 2, 2, 2)",1,"(1, 1)",25,36,25
cfg_021,True,16,16,"(5, 5)",2,"(1, 1)","(2, 2, 2, 2)","(6, 6)","(2, 2)","(2, 2, 2, 2)",1,"(1, 1)",25,36,25
cfg_022,True,8,8,"(5, 5)",3,"(1, 1)","(2, 2, 2, 2)","(7, 7)","(3, 3)","(2, 2, 2, 2)",1,"(1, 1)",25,49,25
cfg_023,True,8,16,"(5, 5)",3,"(1, 1)","(2, 2, 2, 2)","(7, 7)","(3, 3)","(2, 2, 2, 2)",1,"(1, 1)",25,49,25
cfg_024,True,16,16,"(5, 5)",3,"(1, 1)","(2, 2, 2, 2)","(7, 7)","(3, 3)","(2, 2, 2, 2)",1,"(1, 1)",25,49,25
cfg_025,True,8,8,"(5, 5)",4,"(1, 1)","(2, 2, 2, 2)","(8, 8)","(4, 4)","(2, 2, 2, 2)",1,"(1, 1)",25,64,25
cfg_026,True,8,16,"(5, 5)",4,"(1, 1)","(2, 2, 2, 2)","(8, 8)","(4, 4)","(2, 2, 2, 2)",1,"(1, 1)",25,64,25
cfg_027,True,16,16,"(5, 5)",4,"(1, 1)","(2, 2, 2, 2)","(8, 8)","(4, 4)","(2, 2, 2, 2)",1,"(1, 1)",25,64,25
